-- Your SQL goes here
INSERT INTO public.block_summary (id, latest_block_height, pulled_block_height, pulled_block_time, pulled_event_id, pulled_perp_trade_id) VALUES (1, 1255320, 1181150, '2023-09-05 06:06:00.000000', 0, 42);
--
INSERT INTO public.hourly_orderly_perp (symbol, block_hour, trading_fee, trading_volume, trading_count, trading_user_count, opening_count, liquidation_amount, liquidation_count, pulled_block_height, pulled_block_time) VALUES ('0x5a8133e52befca724670dbf2cade550c522c2410dd5b1189df675e99388f509d', '2023-09-04 10:00:00.000000', 6227, 40000, 4, 1, 2, 0, 0, 1145521, '2023-09-04 10:30:14.000000');
INSERT INTO public.hourly_orderly_perp (symbol, block_hour, trading_fee, trading_volume, trading_count, trading_user_count, opening_count, liquidation_amount, liquidation_count, pulled_block_height, pulled_block_time) VALUES ('0x7e83089239db756ee233fa8972addfea16ae653db0f692e4851aed546b21caeb', '2023-09-04 11:00:00.000000', 39168, 4000000, 4, 1, 2, 0, 0, 1148065, '2023-09-04 11:55:02.000000');
INSERT INTO public.hourly_orderly_perp (symbol, block_hour, trading_fee, trading_volume, trading_count, trading_user_count, opening_count, liquidation_amount, liquidation_count, pulled_block_height, pulled_block_time) VALUES ('0x7e83089239db756ee233fa8972addfea16ae653db0f692e4851aed546b21caeb', '2023-09-04 14:00:00.000000', 43000248, 4400000000, 12, 2, 2, 0, 0, 1153244, '2023-09-04 14:47:40.000000');
INSERT INTO public.hourly_orderly_perp (symbol, block_hour, trading_fee, trading_volume, trading_count, trading_user_count, opening_count, liquidation_amount, liquidation_count, pulled_block_height, pulled_block_time) VALUES ('0x7e83089239db756ee233fa8972addfea16ae653db0f692e4851aed546b21caeb', '2023-09-04 22:00:00.000000', 7764096, 800000000, 2, 1, 1, 0, 0, 1166249, '2023-09-04 22:01:10.000000');
INSERT INTO public.hourly_orderly_perp (symbol, block_hour, trading_fee, trading_volume, trading_count, trading_user_count, opening_count, liquidation_amount, liquidation_count, pulled_block_height, pulled_block_time) VALUES ('0x7e83089239db756ee233fa8972addfea16ae653db0f692e4851aed546b21caeb', '2023-09-04 23:00:00.000000', 7806720, 800000000, 2, 1, 1, 0, 0, 1169131, '2023-09-04 23:37:14.000000');
INSERT INTO public.hourly_orderly_perp (symbol, block_hour, trading_fee, trading_volume, trading_count, trading_user_count, opening_count, liquidation_amount, liquidation_count, pulled_block_height, pulled_block_time) VALUES ('0x7e83089239db756ee233fa8972addfea16ae653db0f692e4851aed546b21caeb', '2023-09-05 02:00:00.000000', 5828460, 600000000, 4, 3, 4, 0, 0, 1174768, '2023-09-05 02:45:08.000000');
INSERT INTO public.hourly_orderly_perp (symbol, block_hour, trading_fee, trading_volume, trading_count, trading_user_count, opening_count, liquidation_amount, liquidation_count, pulled_block_height, pulled_block_time) VALUES ('0x5a8133e52befca724670dbf2cade550c522c2410dd5b1189df675e99388f509d', '2023-09-05 02:00:00.000000', 62156040, 400000000, 4, 3, 3, 0, 0, 1174813, '2023-09-05 02:46:38.000000');
INSERT INTO public.hourly_orderly_perp (symbol, block_hour, trading_fee, trading_volume, trading_count, trading_user_count, opening_count, liquidation_amount, liquidation_count, pulled_block_height, pulled_block_time) VALUES ('0x7e83089239db756ee233fa8972addfea16ae653db0f692e4851aed546b21caeb', '2023-09-05 03:00:00.000000', 9684396, 1000000000, 6, 3, 3, 0, 0, 1176681, '2023-09-05 03:48:54.000000');
INSERT INTO public.hourly_orderly_perp (symbol, block_hour, trading_fee, trading_volume, trading_count, trading_user_count, opening_count, liquidation_amount, liquidation_count, pulled_block_height, pulled_block_time) VALUES ('0x5a8133e52befca724670dbf2cade550c522c2410dd5b1189df675e99388f509d', '2023-09-05 06:00:00.000000', 31096080, 200000000, 2, 2, 2, 0, 0, 1180794, '2023-09-05 06:06:00.000000');
INSERT INTO public.hourly_orderly_perp (symbol, block_hour, trading_fee, trading_volume, trading_count, trading_user_count, opening_count, liquidation_amount, liquidation_count, pulled_block_height, pulled_block_time) VALUES ('0x7e83089239db756ee233fa8972addfea16ae653db0f692e4851aed546b21caeb', '2023-09-05 06:00:00.000000', 7800240, 800000000, 2, 2, 1, 0, 0, 1180794, '2023-09-05 06:06:00.000000');
--
INSERT INTO public.hourly_orderly_token (token, block_hour, chain_id, withdraw_amount, withdraw_count, deposit_amount, deposit_count, pulled_block_height, pulled_block_time) VALUES ('0xd6aca1be9729c13d677335161321649cccae6a591554772516700f986f942eaa', '2023-09-04 10:00:00.000000', '421613', 0, 0, 2000000000000, 2, 1145454, '2023-09-04 10:28:00.000000');
INSERT INTO public.hourly_orderly_token (token, block_hour, chain_id, withdraw_amount, withdraw_count, deposit_amount, deposit_count, pulled_block_height, pulled_block_time) VALUES ('0xd6aca1be9729c13d677335161321649cccae6a591554772516700f986f942eaa', '2023-09-05 02:00:00.000000', '421613', 0, 0, 31000000000, 4, 1175011, '2023-09-05 02:53:14.000000');
INSERT INTO public.hourly_orderly_token (token, block_hour, chain_id, withdraw_amount, withdraw_count, deposit_amount, deposit_count, pulled_block_height, pulled_block_time) VALUES ('0xd6aca1be9729c13d677335161321649cccae6a591554772516700f986f942eaa', '2023-09-05 06:00:00.000000', '421613', 0, 0, 10000000000, 1, 1180750, '2023-09-05 06:04:32.000000');
--
INSERT INTO public.hourly_user_perp (account_id, symbol, block_hour, trading_fee, trading_volume, trading_count, realized_pnl, un_realized_pnl, latest_sum_unitary_funding, liquidation_amount, liquidation_count, pulled_block_height, pulled_block_time) VALUES ('0xcba66402b8e673489b62c510e9d009c92433f619e1568bb33dd1b852207f4406', '0x7e83089239db756ee233fa8972addfea16ae653db0f692e4851aed546b21caeb', '2023-09-05 03:00:00.000000', 2584584, 200000000, 2, 0, 0, 0, 0, 0, 1176681, '2023-09-05 03:48:54.000000');
INSERT INTO public.hourly_user_perp (account_id, symbol, block_hour, trading_fee, trading_volume, trading_count, realized_pnl, un_realized_pnl, latest_sum_unitary_funding, liquidation_amount, liquidation_count, pulled_block_height, pulled_block_time) VALUES ('0x4b725ba3965a77eeaf04acbc6f25e0aac69ca24500f3351d18ec75f09fb2ac11', '0x7e83089239db756ee233fa8972addfea16ae653db0f692e4851aed546b21caeb', '2023-09-05 03:00:00.000000', 3228132, 500000000, 3, 0, 0, 0, 0, 0, 1176681, '2023-09-05 03:48:54.000000');
INSERT INTO public.hourly_user_perp (account_id, symbol, block_hour, trading_fee, trading_volume, trading_count, realized_pnl, un_realized_pnl, latest_sum_unitary_funding, liquidation_amount, liquidation_count, pulled_block_height, pulled_block_time) VALUES ('0x4b725ba3965a77eeaf04acbc6f25e0aac69ca24500f3351d18ec75f09fb2ac11', '0x5a8133e52befca724670dbf2cade550c522c2410dd5b1189df675e99388f509d', '2023-09-05 06:00:00.000000', 10365360, 100000000, 1, 0, 0, 0, 0, 0, 1180794, '2023-09-05 06:06:00.000000');
INSERT INTO public.hourly_user_perp (account_id, symbol, block_hour, trading_fee, trading_volume, trading_count, realized_pnl, un_realized_pnl, latest_sum_unitary_funding, liquidation_amount, liquidation_count, pulled_block_height, pulled_block_time) VALUES ('0x4b725ba3965a77eeaf04acbc6f25e0aac69ca24500f3351d18ec75f09fb2ac11', '0x7e83089239db756ee233fa8972addfea16ae653db0f692e4851aed546b21caeb', '2023-09-05 06:00:00.000000', 2600080, 400000000, 1, 0, 0, 0, 0, 0, 1180794, '2023-09-05 06:06:00.000000');
INSERT INTO public.hourly_user_perp (account_id, symbol, block_hour, trading_fee, trading_volume, trading_count, realized_pnl, un_realized_pnl, latest_sum_unitary_funding, liquidation_amount, liquidation_count, pulled_block_height, pulled_block_time) VALUES ('0x2c5668c26884876b76a894fcaf7fc3b450ac083675277e3de7e4746c552415ef', '0x7e83089239db756ee233fa8972addfea16ae653db0f692e4851aed546b21caeb', '2023-09-05 06:00:00.000000', 5200160, 400000000, 1, 0, 0, 0, 0, 0, 1180794, '2023-09-05 06:06:00.000000');
INSERT INTO public.hourly_user_perp (account_id, symbol, block_hour, trading_fee, trading_volume, trading_count, realized_pnl, un_realized_pnl, latest_sum_unitary_funding, liquidation_amount, liquidation_count, pulled_block_height, pulled_block_time) VALUES ('0x2c5668c26884876b76a894fcaf7fc3b450ac083675277e3de7e4746c552415ef', '0x5a8133e52befca724670dbf2cade550c522c2410dd5b1189df675e99388f509d', '2023-09-05 06:00:00.000000', 20730720, 100000000, 1, 0, 0, 0, 0, 0, 1180794, '2023-09-05 06:06:00.000000');
INSERT INTO public.hourly_user_perp (account_id, symbol, block_hour, trading_fee, trading_volume, trading_count, realized_pnl, un_realized_pnl, latest_sum_unitary_funding, liquidation_amount, liquidation_count, pulled_block_height, pulled_block_time) VALUES ('0x4b725ba3965a77eeaf04acbc6f25e0aac69ca24500f3351d18ec75f09fb2ac11', '0x5a8133e52befca724670dbf2cade550c522c2410dd5b1189df675e99388f509d', '2023-09-04 10:00:00.000000', 6227, 40000, 4, 0, 0, 0, 0, 0, 1145521, '2023-09-04 10:30:14.000000');
INSERT INTO public.hourly_user_perp (account_id, symbol, block_hour, trading_fee, trading_volume, trading_count, realized_pnl, un_realized_pnl, latest_sum_unitary_funding, liquidation_amount, liquidation_count, pulled_block_height, pulled_block_time) VALUES ('0x4b725ba3965a77eeaf04acbc6f25e0aac69ca24500f3351d18ec75f09fb2ac11', '0x7e83089239db756ee233fa8972addfea16ae653db0f692e4851aed546b21caeb', '2023-09-04 11:00:00.000000', 39168, 4000000, 4, 0, 0, 0, 0, 0, 1148065, '2023-09-04 11:55:02.000000');
INSERT INTO public.hourly_user_perp (account_id, symbol, block_hour, trading_fee, trading_volume, trading_count, realized_pnl, un_realized_pnl, latest_sum_unitary_funding, liquidation_amount, liquidation_count, pulled_block_height, pulled_block_time) VALUES ('0x4b725ba3965a77eeaf04acbc6f25e0aac69ca24500f3351d18ec75f09fb2ac11', '0x7e83089239db756ee233fa8972addfea16ae653db0f692e4851aed546b21caeb', '2023-09-04 14:00:00.000000', 18900216, 2200000000, 6, 0, 0, 0, 0, 0, 1153244, '2023-09-04 14:47:40.000000');
INSERT INTO public.hourly_user_perp (account_id, symbol, block_hour, trading_fee, trading_volume, trading_count, realized_pnl, un_realized_pnl, latest_sum_unitary_funding, liquidation_amount, liquidation_count, pulled_block_height, pulled_block_time) VALUES ('0xcba66402b8e673489b62c510e9d009c92433f619e1568bb33dd1b852207f4406', '0x7e83089239db756ee233fa8972addfea16ae653db0f692e4851aed546b21caeb', '2023-09-04 14:00:00.000000', 24100032, 2200000000, 6, 0, 0, 0, 0, 0, 1153244, '2023-09-04 14:47:40.000000');
INSERT INTO public.hourly_user_perp (account_id, symbol, block_hour, trading_fee, trading_volume, trading_count, realized_pnl, un_realized_pnl, latest_sum_unitary_funding, liquidation_amount, liquidation_count, pulled_block_height, pulled_block_time) VALUES ('0x4b725ba3965a77eeaf04acbc6f25e0aac69ca24500f3351d18ec75f09fb2ac11', '0x7e83089239db756ee233fa8972addfea16ae653db0f692e4851aed546b21caeb', '2023-09-04 22:00:00.000000', 7764096, 800000000, 2, 0, 0, 0, 0, 0, 1166249, '2023-09-04 22:01:10.000000');
INSERT INTO public.hourly_user_perp (account_id, symbol, block_hour, trading_fee, trading_volume, trading_count, realized_pnl, un_realized_pnl, latest_sum_unitary_funding, liquidation_amount, liquidation_count, pulled_block_height, pulled_block_time) VALUES ('0x4b725ba3965a77eeaf04acbc6f25e0aac69ca24500f3351d18ec75f09fb2ac11', '0x7e83089239db756ee233fa8972addfea16ae653db0f692e4851aed546b21caeb', '2023-09-04 23:00:00.000000', 7806720, 800000000, 2, 0, 0, 0, 0, 0, 1169131, '2023-09-04 23:37:14.000000');
INSERT INTO public.hourly_user_perp (account_id, symbol, block_hour, trading_fee, trading_volume, trading_count, realized_pnl, un_realized_pnl, latest_sum_unitary_funding, liquidation_amount, liquidation_count, pulled_block_height, pulled_block_time) VALUES ('0x9e8c61a1de686d4c17c3d367b92bcde1e2ecb790d6d9a79fa2de1a03dc77a305', '0x5a8133e52befca724670dbf2cade550c522c2410dd5b1189df675e99388f509d', '2023-09-05 02:00:00.000000', 20730720, 100000000, 1, 0, 0, 0, 0, 0, 1174565, '2023-09-05 02:38:22.000000');
INSERT INTO public.hourly_user_perp (account_id, symbol, block_hour, trading_fee, trading_volume, trading_count, realized_pnl, un_realized_pnl, latest_sum_unitary_funding, liquidation_amount, liquidation_count, pulled_block_height, pulled_block_time) VALUES ('0x9e8c61a1de686d4c17c3d367b92bcde1e2ecb790d6d9a79fa2de1a03dc77a305', '0x7e83089239db756ee233fa8972addfea16ae653db0f692e4851aed546b21caeb', '2023-09-05 02:00:00.000000', 1297480, 100000000, 1, 0, 0, 0, 0, 0, 1174573, '2023-09-05 02:38:38.000000');
INSERT INTO public.hourly_user_perp (account_id, symbol, block_hour, trading_fee, trading_volume, trading_count, realized_pnl, un_realized_pnl, latest_sum_unitary_funding, liquidation_amount, liquidation_count, pulled_block_height, pulled_block_time) VALUES ('0x9b252adafc66838e9ff81e0eadc5441f7a7f7f9d4f1cda319c8262ae47fdd5ee', '0x7e83089239db756ee233fa8972addfea16ae653db0f692e4851aed546b21caeb', '2023-09-05 02:00:00.000000', 2588160, 200000000, 1, 0, 0, 0, 0, 0, 1174768, '2023-09-05 02:45:08.000000');
INSERT INTO public.hourly_user_perp (account_id, symbol, block_hour, trading_fee, trading_volume, trading_count, realized_pnl, un_realized_pnl, latest_sum_unitary_funding, liquidation_amount, liquidation_count, pulled_block_height, pulled_block_time) VALUES ('0x4b725ba3965a77eeaf04acbc6f25e0aac69ca24500f3351d18ec75f09fb2ac11', '0x7e83089239db756ee233fa8972addfea16ae653db0f692e4851aed546b21caeb', '2023-09-05 02:00:00.000000', 1942820, 300000000, 2, 0, 0, 0, 0, 0, 1174768, '2023-09-05 02:45:08.000000');
INSERT INTO public.hourly_user_perp (account_id, symbol, block_hour, trading_fee, trading_volume, trading_count, realized_pnl, un_realized_pnl, latest_sum_unitary_funding, liquidation_amount, liquidation_count, pulled_block_height, pulled_block_time) VALUES ('0x4b725ba3965a77eeaf04acbc6f25e0aac69ca24500f3351d18ec75f09fb2ac11', '0x5a8133e52befca724670dbf2cade550c522c2410dd5b1189df675e99388f509d', '2023-09-05 02:00:00.000000', 20718680, 200000000, 2, 0, 0, 0, 0, 0, 1174813, '2023-09-05 02:46:38.000000');
INSERT INTO public.hourly_user_perp (account_id, symbol, block_hour, trading_fee, trading_volume, trading_count, realized_pnl, un_realized_pnl, latest_sum_unitary_funding, liquidation_amount, liquidation_count, pulled_block_height, pulled_block_time) VALUES ('0x9b252adafc66838e9ff81e0eadc5441f7a7f7f9d4f1cda319c8262ae47fdd5ee', '0x5a8133e52befca724670dbf2cade550c522c2410dd5b1189df675e99388f509d', '2023-09-05 02:00:00.000000', 20706640, 100000000, 1, 0, 0, 0, 0, 0, 1174813, '2023-09-05 02:46:38.000000');
INSERT INTO public.hourly_user_perp (account_id, symbol, block_hour, trading_fee, trading_volume, trading_count, realized_pnl, un_realized_pnl, latest_sum_unitary_funding, liquidation_amount, liquidation_count, pulled_block_height, pulled_block_time) VALUES ('0x999c1d4b193e227ade70cfabb208d723db8e964a30be0542dcf7984aaa313a04', '0x7e83089239db756ee233fa8972addfea16ae653db0f692e4851aed546b21caeb', '2023-09-05 03:00:00.000000', 3871680, 300000000, 1, 0, 0, 0, 0, 0, 1175616, '2023-09-05 03:13:24.000000');
--
INSERT INTO public.hourly_user_token (account_id, token, block_hour, chain_id, withdraw_amount, withdraw_count, deposit_amount, deposit_count, pulled_block_height, pulled_block_time) VALUES ('0xcba66402b8e673489b62c510e9d009c92433f619e1568bb33dd1b852207f4406', '0xd6aca1be9729c13d677335161321649cccae6a591554772516700f986f942eaa', '2023-09-04 10:00:00.000000', '421613', 0, 0, 2000000000000, 2, 1145454, '2023-09-04 10:28:00.000000');
INSERT INTO public.hourly_user_token (account_id, token, block_hour, chain_id, withdraw_amount, withdraw_count, deposit_amount, deposit_count, pulled_block_height, pulled_block_time) VALUES ('0x9e8c61a1de686d4c17c3d367b92bcde1e2ecb790d6d9a79fa2de1a03dc77a305', '0xd6aca1be9729c13d677335161321649cccae6a591554772516700f986f942eaa', '2023-09-05 02:00:00.000000', '421613', 0, 0, 11000000000, 2, 1174546, '2023-09-05 02:37:44.000000');
INSERT INTO public.hourly_user_token (account_id, token, block_hour, chain_id, withdraw_amount, withdraw_count, deposit_amount, deposit_count, pulled_block_height, pulled_block_time) VALUES ('0x9b252adafc66838e9ff81e0eadc5441f7a7f7f9d4f1cda319c8262ae47fdd5ee', '0xd6aca1be9729c13d677335161321649cccae6a591554772516700f986f942eaa', '2023-09-05 02:00:00.000000', '421613', 0, 0, 10000000000, 1, 1174728, '2023-09-05 02:43:48.000000');
INSERT INTO public.hourly_user_token (account_id, token, block_hour, chain_id, withdraw_amount, withdraw_count, deposit_amount, deposit_count, pulled_block_height, pulled_block_time) VALUES ('0x999c1d4b193e227ade70cfabb208d723db8e964a30be0542dcf7984aaa313a04', '0xd6aca1be9729c13d677335161321649cccae6a591554772516700f986f942eaa', '2023-09-05 02:00:00.000000', '421613', 0, 0, 10000000000, 1, 1175011, '2023-09-05 02:53:14.000000');
INSERT INTO public.hourly_user_token (account_id, token, block_hour, chain_id, withdraw_amount, withdraw_count, deposit_amount, deposit_count, pulled_block_height, pulled_block_time) VALUES ('0x2c5668c26884876b76a894fcaf7fc3b450ac083675277e3de7e4746c552415ef', '0xd6aca1be9729c13d677335161321649cccae6a591554772516700f986f942eaa', '2023-09-05 06:00:00.000000', '421613', 0, 0, 10000000000, 1, 1180750, '2023-09-05 06:04:32.000000');
--
INSERT INTO public.orderly_perp_summary (symbol, open_interest, total_trading_volume, total_trading_fee, total_trading_count, total_trading_user_count, total_liquidation_amount, total_liquidation_count, pulled_block_height, pulled_block_time, buy_amount, sell_amount) VALUES ('0x5a8133e52befca724670dbf2cade550c522c2410dd5b1189df675e99388f509d', 300040000, 600080000, 93264574, 14, 4, 0, 0, 1180794, '2023-09-05 06:06:00.000000', 300040000, -300040000);
INSERT INTO public.orderly_perp_summary (symbol, open_interest, total_trading_volume, total_trading_fee, total_trading_count, total_trading_user_count, total_liquidation_amount, total_liquidation_count, pulled_block_height, pulled_block_time, buy_amount, sell_amount) VALUES ('0x7e83089239db756ee233fa8972addfea16ae653db0f692e4851aed546b21caeb', 6404000000, 12808000000, 124962744, 48, 6, 0, 0, 1180794, '2023-09-05 06:06:00.000000', 6404000000, -6404000000);
INSERT INTO public.orderly_token_summary (token, chain_id, balance, total_withdraw_amount, total_withdraw_count, total_deposit_amount, total_deposit_count, pulled_block_height, pulled_block_time) VALUES ('0xd6aca1be9729c13d677335161321649cccae6a591554772516700f986f942eaa', '421613', 2041000000000, 0, 0, 2041000000000, 7, 1180750, '2023-09-05 06:04:32.000000');
--
INSERT INTO public.user_perp_summary (account_id, symbol, holding, opening_cost, cost_position, total_trading_volume, total_trading_count, total_trading_fee, total_realized_pnl, total_un_realized_pnl, total_liquidation_amount, total_liquidation_count, pulled_block_height, pulled_block_time) VALUES ('0x4b725ba3965a77eeaf04acbc6f25e0aac69ca24500f3351d18ec75f09fb2ac11', '0x7e83089239db756ee233fa8972addfea16ae653db0f692e4851aed546b21caeb', -600000000, 0, 0, 7208000000, 30, 61220616, 0, 0, 0, 0, 1180794, '2023-09-05 06:06:00.000000');
INSERT INTO public.user_perp_summary (account_id, symbol, holding, opening_cost, cost_position, total_trading_volume, total_trading_count, total_trading_fee, total_realized_pnl, total_un_realized_pnl, total_liquidation_amount, total_liquidation_count, pulled_block_height, pulled_block_time) VALUES ('0x4b725ba3965a77eeaf04acbc6f25e0aac69ca24500f3351d18ec75f09fb2ac11', '0x5a8133e52befca724670dbf2cade550c522c2410dd5b1189df675e99388f509d', -100000000, 0, 0, 300080000, 11, 31096494, 0, 0, 0, 0, 1180794, '2023-09-05 06:06:00.000000');
INSERT INTO public.user_perp_summary (account_id, symbol, holding, opening_cost, cost_position, total_trading_volume, total_trading_count, total_trading_fee, total_realized_pnl, total_un_realized_pnl, total_liquidation_amount, total_liquidation_count, pulled_block_height, pulled_block_time) VALUES ('0x2c5668c26884876b76a894fcaf7fc3b450ac083675277e3de7e4746c552415ef', '0x7e83089239db756ee233fa8972addfea16ae653db0f692e4851aed546b21caeb', 400000000, 0, 0, 400000000, 1, 5200160, 0, 0, 0, 0, 1180794, '2023-09-05 06:06:00.000000');
INSERT INTO public.user_perp_summary (account_id, symbol, holding, opening_cost, cost_position, total_trading_volume, total_trading_count, total_trading_fee, total_realized_pnl, total_un_realized_pnl, total_liquidation_amount, total_liquidation_count, pulled_block_height, pulled_block_time) VALUES ('0x2c5668c26884876b76a894fcaf7fc3b450ac083675277e3de7e4746c552415ef', '0x5a8133e52befca724670dbf2cade550c522c2410dd5b1189df675e99388f509d', 100000000, 0, 0, 100000000, 1, 20730720, 0, 0, 0, 0, 1180794, '2023-09-05 06:06:00.000000');
INSERT INTO public.user_perp_summary (account_id, symbol, holding, opening_cost, cost_position, total_trading_volume, total_trading_count, total_trading_fee, total_realized_pnl, total_un_realized_pnl, total_liquidation_amount, total_liquidation_count, pulled_block_height, pulled_block_time) VALUES ('0x9e8c61a1de686d4c17c3d367b92bcde1e2ecb790d6d9a79fa2de1a03dc77a305', '0x5a8133e52befca724670dbf2cade550c522c2410dd5b1189df675e99388f509d', 100000000, 0, 0, 100000000, 1, 20730720, 0, 0, 0, 0, 1174565, '2023-09-05 02:38:22.000000');
INSERT INTO public.user_perp_summary (account_id, symbol, holding, opening_cost, cost_position, total_trading_volume, total_trading_count, total_trading_fee, total_realized_pnl, total_un_realized_pnl, total_liquidation_amount, total_liquidation_count, pulled_block_height, pulled_block_time) VALUES ('0x9e8c61a1de686d4c17c3d367b92bcde1e2ecb790d6d9a79fa2de1a03dc77a305', '0x7e83089239db756ee233fa8972addfea16ae653db0f692e4851aed546b21caeb', 100000000, 0, 0, 100000000, 1, 1297480, 0, 0, 0, 0, 1174573, '2023-09-05 02:38:38.000000');
INSERT INTO public.user_perp_summary (account_id, symbol, holding, opening_cost, cost_position, total_trading_volume, total_trading_count, total_trading_fee, total_realized_pnl, total_un_realized_pnl, total_liquidation_amount, total_liquidation_count, pulled_block_height, pulled_block_time) VALUES ('0x9b252adafc66838e9ff81e0eadc5441f7a7f7f9d4f1cda319c8262ae47fdd5ee', '0x7e83089239db756ee233fa8972addfea16ae653db0f692e4851aed546b21caeb', -200000000, 0, 0, 200000000, 1, 2588160, 0, 0, 0, 0, 1174768, '2023-09-05 02:45:08.000000');
INSERT INTO public.user_perp_summary (account_id, symbol, holding, opening_cost, cost_position, total_trading_volume, total_trading_count, total_trading_fee, total_realized_pnl, total_un_realized_pnl, total_liquidation_amount, total_liquidation_count, pulled_block_height, pulled_block_time) VALUES ('0x9b252adafc66838e9ff81e0eadc5441f7a7f7f9d4f1cda319c8262ae47fdd5ee', '0x5a8133e52befca724670dbf2cade550c522c2410dd5b1189df675e99388f509d', -100000000, 0, 0, 100000000, 1, 20706640, 0, 0, 0, 0, 1174813, '2023-09-05 02:46:38.000000');
INSERT INTO public.user_perp_summary (account_id, symbol, holding, opening_cost, cost_position, total_trading_volume, total_trading_count, total_trading_fee, total_realized_pnl, total_un_realized_pnl, total_liquidation_amount, total_liquidation_count, pulled_block_height, pulled_block_time) VALUES ('0x999c1d4b193e227ade70cfabb208d723db8e964a30be0542dcf7984aaa313a04', '0x7e83089239db756ee233fa8972addfea16ae653db0f692e4851aed546b21caeb', 300000000, 0, 0, 300000000, 1, 3871680, 0, 0, 0, 0, 1175616, '2023-09-05 03:13:24.000000');
INSERT INTO public.user_perp_summary (account_id, symbol, holding, opening_cost, cost_position, total_trading_volume, total_trading_count, total_trading_fee, total_realized_pnl, total_un_realized_pnl, total_liquidation_amount, total_liquidation_count, pulled_block_height, pulled_block_time) VALUES ('0xcba66402b8e673489b62c510e9d009c92433f619e1568bb33dd1b852207f4406', '0x7e83089239db756ee233fa8972addfea16ae653db0f692e4851aed546b21caeb', 0, 0, 0, 4600000000, 14, 50784648, 0, 0, 0, 0, 1176681, '2023-09-05 03:48:54.000000');
--
INSERT INTO public.user_token_summary (account_id, token, chain_id, balance, total_withdraw_amount, total_deposit_amount, total_withdraw_count, total_deposit_count, pulled_block_height, pulled_block_time) VALUES ('0xcba66402b8e673489b62c510e9d009c92433f619e1568bb33dd1b852207f4406', '0xd6aca1be9729c13d677335161321649cccae6a591554772516700f986f942eaa', '421613', 2000000000000, 0, 2000000000000, 0, 2, 1145454, '2023-09-04 10:28:00.000000');
INSERT INTO public.user_token_summary (account_id, token, chain_id, balance, total_withdraw_amount, total_deposit_amount, total_withdraw_count, total_deposit_count, pulled_block_height, pulled_block_time) VALUES ('0x9e8c61a1de686d4c17c3d367b92bcde1e2ecb790d6d9a79fa2de1a03dc77a305', '0xd6aca1be9729c13d677335161321649cccae6a591554772516700f986f942eaa', '421613', 11000000000, 0, 11000000000, 0, 2, 1174546, '2023-09-05 02:37:44.000000');
INSERT INTO public.user_token_summary (account_id, token, chain_id, balance, total_withdraw_amount, total_deposit_amount, total_withdraw_count, total_deposit_count, pulled_block_height, pulled_block_time) VALUES ('0x9b252adafc66838e9ff81e0eadc5441f7a7f7f9d4f1cda319c8262ae47fdd5ee', '0xd6aca1be9729c13d677335161321649cccae6a591554772516700f986f942eaa', '421613', 10000000000, 0, 10000000000, 0, 1, 1174728, '2023-09-05 02:43:48.000000');
INSERT INTO public.user_token_summary (account_id, token, chain_id, balance, total_withdraw_amount, total_deposit_amount, total_withdraw_count, total_deposit_count, pulled_block_height, pulled_block_time) VALUES ('0x999c1d4b193e227ade70cfabb208d723db8e964a30be0542dcf7984aaa313a04', '0xd6aca1be9729c13d677335161321649cccae6a591554772516700f986f942eaa', '421613', 10000000000, 0, 10000000000, 0, 1, 1175011, '2023-09-05 02:53:14.000000');
INSERT INTO public.user_token_summary (account_id, token, chain_id, balance, total_withdraw_amount, total_deposit_amount, total_withdraw_count, total_deposit_count, pulled_block_height, pulled_block_time) VALUES ('0x2c5668c26884876b76a894fcaf7fc3b450ac083675277e3de7e4746c552415ef', '0xd6aca1be9729c13d677335161321649cccae6a591554772516700f986f942eaa', '421613', 10000000000, 0, 10000000000, 0, 1, 1180750, '2023-09-05 06:04:32.000000');
--
INSERT INTO public.orderly_token_summary (token, chain_id, balance, total_withdraw_amount, total_withdraw_count, total_deposit_amount, total_deposit_count, pulled_block_height, pulled_block_time) VALUES ('0xd6aca1be9729c13d677335161321649cccae6a591554772516700f986f942eaa', '421613', 2041000000000, 0, 0, 2041000000000, 7, 1180750, '2023-09-05 06:04:32.000000');


